Time (s),Distance (cm),ax (mg),ay (mg),az (mg),vx (m/s),vy (m/s),vz (m/s),PWM,v_resultant (m/s)
0.04,831,-13.7285714285714,-9.08571428571429,-2.75714285714287,0,0,0,0,0
0.08,1240,-15.7285714285714,-9.08571428571429,0.242857142857133,-0.00617189142857143,-0.00356523428571429,9.5297142857139E-05,0,0.00712826913517881
0.12,1233,-16.7285714285714,-9.08571428571429,-1.75714285714287,-0.0127361828571429,-0.00713046857142857,-0.000594205714285722,0,0.0146084570112521
0.16,1235,-18.7285714285714,-10.0857142857143,1.24285714285713,-0.0200852742857143,-0.0110881028571429,-0.000106508571428583,0,0.022942877155639
0.2,1236,-14.7285714285714,-12.0857142857143,2.24285714285713,-0.0258647657142857,-0.0158305371428571,0.000773588571428557,0,0.0303346411049169
0.24,1239,-17.7285714285714,-13.0857142857143,-0.757142857142867,-0.0328214571428571,-0.0209653714285714,0.000476485714285696,0,0.0389489651563977
0.28,1238,-15.7285714285714,-9.08571428571429,-1.75714285714287,-0.0389933485714286,-0.0245306057142857,-0.000213017142857166,0,0.0460681801879109
0.32,1243,-17.7285714285714,-11.0857142857143,-2.75714285714287,-0.04595004,-0.02888064,-0.00129492000000003,0,0.0542878841051813
0.36,1240,-16.7285714285714,-11.0857142857143,0.242857142857133,-0.0525143314285714,-0.0332306742857143,-0.00119962285714289,0,0.0621568323989604
0.4,1239,-19.7285714285714,-13.0857142857143,1.24285714285713,-0.0602558228571429,-0.0383655085714286,-0.000711925714285748,0,0.0714365681871575
0.44,1243,-16.7285714285714,-11.0857142857143,1.24285714285713,-0.0668201142857143,-0.0427155428571429,-0.000224228571428609,0,0.0793069703947173
0.48,1243,-18.7285714285714,-9.08571428571429,1.24285714285713,-0.0741692057142857,-0.0462807771428571,0.00026346857142853,0,0.0874245436071757
0.52,1247,-18.7285714285714,-12.0857142857143,1.24285714285713,-0.0815182971428572,-0.0510232114285714,0.000751165714285669,0,0.0961725798940954
0.56,1245,-14.7285714285714,-11.0857142857143,1.24285714285713,-0.0872977885714286,-0.0553732457142857,0.00123886285714281,0,0.103385854987882
0.6,1241,-17.7285714285714,-11.0857142857143,1.24285714285713,-0.09425448,-0.05972328,0.00172655999999995,0,0.11159640757418
0.64,1245,-19.7285714285714,-10.0857142857143,-0.757142857142867,-0.101995971428571,-0.0636809142857143,0.00142945714285709,0,0.120251737532751
0.68,1242,-17.7285714285714,-8.08571428571429,2.24285714285713,-0.108952662857143,-0.0668537485714286,0.00230955428571423,0,0.127849288158803
0.72,1244,-11.7285714285714,-10.0857142857143,3.24285714285713,-0.113554954285714,-0.0708113828571429,0.00358205142857136,0,0.133872367116625
0.76,1244,-17.7285714285714,-9.08571428571429,-3.75714285714287,-0.120511645714286,-0.0743766171428571,0.0021077485714285,0,0.14163114253024
0.8,1243,-12.7285714285714,-11.0857142857143,-4.75714285714287,-0.125506337142857,-0.0787266514285714,0.000241045714285637,0,0.148154596321574
0.84,1241,-18.7285714285714,-12.0857142857143,3.24285714285713,-0.132855428571429,-0.0834690857142857,0.00151354285714277,0,0.156907437627593
0.88,1243,-18.7285714285714,-13.0857142857143,3.24285714285713,-0.14020452,-0.08860392,0.00278603999999991,0,0.165878642647806
0.92,1247,-14.7285714285714,-12.0857142857143,-2.75714285714287,-0.145984011428571,-0.0933463542857143,0.00170413714285705,0,0.173285249039302
0.96,1245,-18.7285714285714,-11.0857142857143,2.24285714285713,-0.153333102857143,-0.0976963885714286,0.00258423428571419,0,0.181830423852946
1,1244,-12.7285714285714,-11.0857142857143,3.24285714285713,-0.158327794285714,-0.102046422857143,0.00385673142857133,0,0.188403920443897
1.04,1244,-16.7285714285714,-10.0857142857143,2.24285714285713,-0.164892085714286,-0.106004057142857,0.00473682857142847,0,0.196083394520976
1.08,1244,-16.7285714285714,-13.0857142857143,4.24285714285713,-0.171456377142857,-0.111138891428571,0.00640172571428561,0,0.204426330356553
1.12,1244,-18.7285714285714,-12.0857142857143,1.24285714285713,-0.178805468571429,-0.115881325714286,0.00688942285714275,0,0.213183820651693
1.16,1243,-17.7285714285714,-12.0857142857143,2.24285714285713,-0.18576216,-0.12062376,0.00776951999999988,0,0.221625894257493
1.2,1242,-16.7285714285714,-12.0857142857143,-1.75714285714287,-0.192326451428571,-0.125366194285714,0.00708001714285702,0,0.229687337986954
1.24,1241,-18.7285714285714,-11.0857142857143,0.242857142857133,-0.199675542857143,-0.129716228571429,0.00717531428571416,0,0.238218612843725
1.28,1243,-16.7285714285714,-12.0857142857143,3.24285714285713,-0.206239834285714,-0.134458662857143,0.0084478114285713,0,0.246344000904147
1.32,1244,-14.7285714285714,-11.0857142857143,5.24285714285713,-0.212019325714286,-0.138808697142857,0.0105051085714284,0,0.25363439471991
1.36,1245,-18.7285714285714,-12.0857142857143,2.24285714285713,-0.219368417142857,-0.143551131428571,0.0113852057142856,0,0.262410084949764
1.4,1247,-17.7285714285714,-13.0857142857143,-2.75714285714287,-0.226325108571428,-0.148685965714286,0.0103033028571427,0,0.27099212021759
1.44,1243,-19.7285714285714,-9.08571428571429,-1.75714285714287,-0.2340666,-0.1522512,0.00961379999999986,0,0.279392244501239
1.48,1241,-17.7285714285714,-11.0857142857143,0.242857142857133,-0.241023291428571,-0.156601234285714,0.009709097142857,0,0.287594228311697
1.52,1244,-13.7285714285714,-11.0857142857143,0.242857142857133,-0.246410382857143,-0.160951268571429,0.00980439428571414,0,0.294481771561273
1.56,1245,-19.7285714285714,-14.0857142857143,1.24285714285713,-0.254151874285714,-0.166478502857143,0.0102920914285713,0,0.303997030022452
1.6,1243,-18.7285714285714,-9.08571428571429,-3.75714285714287,-0.261500965714286,-0.170043737142857,0.00881778857142842,0,0.312050286021826
1.64,1247,-15.7285714285714,-10.0857142857143,-0.757142857142867,-0.267672857142857,-0.174001371428571,0.00852068571428556,0,0.319371003372388
1.68,1241,-18.7285714285714,-14.0857142857143,1.24285714285713,-0.275021948571428,-0.179528605714286,0.0090083828571427,0,0.3285555408564
1.72,1243,-16.7285714285714,-12.0857142857143,2.24285714285713,-0.28158624,-0.18427104,0.00988847999999984,0,0.336666613694809
1.76,1242,-17.7285714285714,-11.0857142857143,-0.757142857142867,-0.288542931428571,-0.188621074285714,0.00959137714285698,0,0.344857836590075
1.8,1241,-17.7285714285714,-12.0857142857143,4.24285714285713,-0.295499622857143,-0.193363508571429,0.0112562742857141,0,0.353321634303027
1.84,1246,-15.7285714285714,-13.0857142857143,2.24285714285713,-0.301671514285714,-0.198498342857143,0.0121363714285713,0,0.361323381695566
1.88,1247,-15.7285714285714,-11.0857142857143,-0.757142857142867,-0.307843405714286,-0.202848377142857,0.0118392685714284,0,0.368856604701024
1.92,1245,-17.7285714285714,-13.0857142857143,-1.75714285714287,-0.314800097142857,-0.207983211428571,0.0111497657142855,0,0.377465805964961
1.96,1241,-16.7285714285714,-13.0857142857143,2.24285714285713,-0.321364388571428,-0.213118045714286,0.0120298628571427,0,0.385796694194398
2,1248,-13.7285714285714,-10.0857142857143,1.24285714285713,-0.32675148,-0.21707568,0.0125175599999998,0,0.392485757497016
2.04,1244,-15.7285714285714,-9.08571428571429,-4.75714285714287,-0.332923371428571,-0.220640914285714,0.010650857142857,0,0.399542019139514
2.08,1245,-16.7285714285714,-10.0857142857143,1.24285714285713,-0.339487662857143,-0.224598548571429,0.0111385542857141,681,0.407210570398379
2.12,1241,-20.7285714285714,-12.0857142857143,6.24285714285713,-0.347621554285714,-0.229340982857143,0.0135882514285712,1021,0.416680539500925
2.16,1243,-18.7285714285714,-13.0857142857143,0.242857142857133,-0.354970645714286,-0.234475817142857,0.0136835485714284,1021,0.425641054933772
2.2,1245,-19.7285714285714,-11.0857142857143,-1.75714285714287,-0.362712137142857,-0.238825851428572,0.0129940457142855,1021,0.434472930071996
2.24,1246,-15.7285714285714,-12.0857142857143,0.242857142857133,-0.368884028571429,-0.243568285714286,0.0130893428571427,1192,0.442235533666523
2.28,1241,-14.7285714285714,-12.0857142857143,-1.75714285714287,-0.37466352,-0.24831072,0.0123998399999998,1192,0.449649555673898
2.32,1242,-15.7285714285714,-12.0857142857143,5.24285714285713,-0.380835411428571,-0.253053154285714,0.0144571371428569,1192,0.457471877065996
2.36,1251,-18.7285714285714,-13.0857142857143,1.24285714285713,-0.388184502857143,-0.258187988571429,0.0149448342857141,1192,0.466445702920324
2.4,1244,-18.7285714285714,-12.0857142857143,0.242857142857133,-0.395533594285714,-0.262930422857143,0.0150401314285712,1192,0.475189895753056
2.44,1238,-14.7285714285714,-21.0857142857143,2.24285714285713,-0.401313085714286,-0.271204457142857,0.0159202285714284,1192,0.484620990071045
2.48,1242,-20.7285714285714,-14.0857142857143,1.24285714285713,-0.409446977142857,-0.276731691428572,0.0164079257142855,1192,0.494465849335004
2.52,1241,-21.7285714285714,-11.0857142857143,2.24285714285713,-0.417973268571428,-0.281081725714286,0.0172880228571426,1192,0.503991533168082
2.56,1241,-17.7285714285714,-13.0857142857143,-0.757142857142867,-0.42492996,-0.28621656,0.0169909199999998,1192,0.512614944657568
2.6,1241,-16.7285714285714,-8.08571428571429,12.2428571428571,-0.431494251428571,-0.289389394285714,0.0217950171428569,1872,0.520008205044126
2.64,1240,-16.7285714285714,-11.0857142857143,-3.75714285714287,-0.438058542857143,-0.293739428571429,0.0203207142857141,1872,0.527817269797678
2.68,1239,-20.7285714285714,-12.0857142857143,-3.75714285714287,-0.446192434285714,-0.298481862857143,0.0188464114285712,1872,0.537153886788709
2.72,1243,-17.7285714285714,-11.0857142857143,-2.75714285714287,-0.453149125714286,-0.302831897142857,0.0177645085714283,1872,0.545313548178979
2.76,1241,-18.7285714285714,-13.0857142857143,4.24285714285713,-0.460498217142857,-0.307966731428571,0.0194294057142854,1872,0.554328077464021
2.8,1237,-15.7285714285714,-12.0857142857143,3.24285714285713,-0.466670108571429,-0.312709165714286,0.0207019028571426,1872,0.562135732130328
2.84,1237,-16.7285714285714,-13.0857142857143,2.24285714285713,-0.4732344,-0.317844,0.0215819999999997,1872,0.570474704437769
2.88,1241,-15.7285714285714,-11.0857142857143,6.24285714285713,-0.479406291428571,-0.322194034285714,0.0240316971428569,2213,0.578114963011827
2.92,1244,-17.7285714285714,-12.0857142857143,4.24285714285713,-0.486362982857143,-0.326936468571429,0.025696594285714,2213,0.586597579720151
2.96,1246,-14.7285714285714,-9.08571428571429,0.242857142857133,-0.492142474285714,-0.330501702857143,0.0257918914285711,2894,0.593380832392654
3,1243,-15.7285714285714,-14.0857142857143,3.24285714285713,-0.498314365714286,-0.336028937142857,0.0270643885714283,2894,0.601635383603171
3.04,1239,-11.7285714285714,-12.0857142857143,3.24285714285713,-0.502916657142857,-0.340771371428572,0.0283368857142854,2894,0.608155630335723
3.08,1241,-14.7285714285714,-10.0857142857143,-1.75714285714287,-0.508696148571429,-0.344729005714286,0.0276473828571426,3234,0.615121318709581
3.12,1242,-16.7285714285714,-12.0857142857143,5.24285714285713,-0.51526044,-0.34947144,0.0297046799999997,3234,0.623302475864303
3.16,1245,-14.7285714285714,-11.0857142857143,2.24285714285713,-0.521039931428571,-0.353821474285714,0.0305847771428568,3234,0.630561396219024
3.2,1241,-19.7285714285714,-13.0857142857143,3.24285714285713,-0.528781422857143,-0.358956308571429,0.031857274285714,3234,0.639901797580665
3.24,1240,-13.7285714285714,-13.0857142857143,-1.75714285714287,-0.534168514285714,-0.364091142857143,0.0311677714285711,3234,0.647201507984222
3.28,1244,-16.7285714285714,-12.0857142857143,-2.75714285714287,-0.540732805714286,-0.368833577142857,0.0300858685714283,3234,0.655236853581464
4.2,1241,-13.7285714285714,-12.0857142857143,2.24285714285713,-0.664635908571429,-0.477909565714286,0.0503281028571425,6298,0.820165447882916
4.6,1201,-24.7285714285714,1.91428571428571,-14.7571428571429,-0.761670822857143,-0.470397908571429,-0.00757892571428606,6298,0.895250844677196
4.64,1198,-206.728571428571,-7.08571428571429,-41.7571428571429,-0.842791114285714,-0.473178342857143,-0.0239644285714289,6298,0.9668344740982
4.64,1198,-206.728571428571,-7.08571428571429,-41.7571428571429,-0.842791114285714,-0.473178342857143,-0.0239644285714289,6298,0.9668344740982
4.64,1198,-206.728571428571,-7.08571428571429,-41.7571428571429,-0.842791114285714,-0.473178342857143,-0.0239644285714289,6298,0.9668344740982
4.68,1180,-139.728571428571,-21.0857142857143,5.24285714285713,-0.897620605714286,-0.481452377142857,-0.0219071314285718,6298,1.01882239162026
4.68,1180,-139.728571428571,-21.0857142857143,5.24285714285713,-0.897620605714286,-0.481452377142857,-0.0219071314285718,6298,1.01882239162026
4.72,1179,-60.7285714285714,61.9142857142857,-19.7571428571429,-0.921450497142857,-0.457157211428572,-0.0296598342857147,6298,1.02904977548019
4.72,1179,-60.7285714285714,61.9142857142857,-19.7571428571429,-0.921450497142857,-0.457157211428572,-0.0296598342857147,6298,1.02904977548019
4.76,1181,-142.728571428571,-1.08571428571429,1.24285714285713,-0.977457188571429,-0.457583245714286,-0.0291721371428575,6298,1.07965549868181
4.8,1180,-107.728571428571,-17.0857142857143,42.2428571428571,-1.01972988,-0.46428768,-0.0125960400000004,6298,1.12052252908555
4.84,1180,-176.728571428571,81.9142857142857,-46.7571428571429,-1.08907817142857,-0.432144514285714,-0.0309435428571433,6298,1.17209114302344
4.88,1168,-176.728571428571,62.9142857142857,-58.7571428571429,-1.15842646285714,-0.407456948571429,-0.0539998457142861,6298,1.2291822558612
4.92,1168,-118.728571428571,30.9142857142857,69.2428571428571,-1.20501555428571,-0.395326182857143,-0.026828948571429,6298,1.2684892862789
4.96,1169,-148.728571428571,-61.0857142857143,39.2428571428571,-1.26337664571429,-0.419296217142857,-0.0114300514285718,6298,1.33118763242537
5,1164,-28.7285714285714,-38.0857142857143,-115.757142857143,-1.27464973714286,-0.434241051428571,-0.0568531542857147,6298,1.34778689869593
5.04,1159,-181.728571428571,81.9142857142857,25.2428571428571,-1.34596002857143,-0.402097885714286,-0.0469478571428576,6298,1.40552310884532
5.08,1152,-29.7285714285714,-13.0857142857143,12.2428571428571,-1.35762552,-0.40723272,-0.0421437600000004,6298,1.41801327120052
5.12,1158,38.2714285714286,-53.0857142857143,-155.757142857143,-1.34260781142857,-0.428063554285714,-0.103262862857143,6298,1.41297464968845
5.16,1141,-104.728571428571,-34.0857142857143,-87.7571428571429,-1.38370330285714,-0.441438788571429,-0.137698765714286,5447,1.45892562677897
5.2,1127,-24.7285714285714,-83.0857142857143,-80.7571428571429,-1.39340679428572,-0.474041622857143,-0.169387868571429,4596,1.48154993320569
5.24,1131,-11.7285714285714,150.914285714286,243.242857142857,-1.39800908571429,-0.414822857142857,-0.0739393714285719,4596,1.46012822628532
5.28,1129,-84.7285714285714,-27.0857142857143,-74.7571428571429,-1.43125657714286,-0.425451291428571,-0.103274074285715,4426,1.49671965491621
5.32,1131,-39.7285714285714,-214.085714285714,42.2428571428571,-1.44684606857143,-0.509458525714286,-0.0866979771428576,4426,1.53636846973772
5.36,1128,-132.728571428571,71.9142857142857,37.2428571428571,-1.49892876,-0.48123936,-0.0720838800000005,4426,1.5759361773004
5.44,1120,-91.7285714285714,-21.0857142857143,24.2428571428571,-1.57091734285714,-0.497787428571429,-0.0530580857142862,4426,1.64875370586172
5.48,1118,20.2714285714286,-44.0857142857143,95.2428571428571,-1.56296283428572,-0.515086662857143,-0.015684788571429,4426,1.6457257074629
5.56,1114,-159.728571428571,194.914285714286,116.242857142857,-1.68831781714286,-0.362117931428573,0.0755426057142843,4426,1.72836718703585
5.6,1117,37.2714285714286,18.9142857142857,11.2428571428571,-1.67369250857143,-0.354695965714287,0.0799543028571415,2894,1.71273130755746
5.64,1114,-42.7285714285714,109.914285714286,-118.757142857143,-1.6904592,-0.311565600000002,0.0333539999999986,2894,1.7192550477704
5.68,1107,-110.728571428571,-2.08571428571429,13.2428571428571,-1.73390909142857,-0.312384034285716,0.0385504971428557,2894,1.76224591446405
5.72,1110,84.2714285714286,-89.0857142857143,143.242857142857,-1.70084098285714,-0.34734126857143,0.0947589942857129,2383,1.73852962954829
5.76,1112,-7.72857142857143,-157.085714285714,-228.757142857143,-1.70387367428571,-0.408981702857145,0.00499469142856997,2213,1.75227751173674
5.8,1113,24.2714285714286,-7.08571428571429,27.2428571428571,-1.69434956571429,-0.411762137142859,0.0156847885714271,2213,1.74373579449789
5.84,1107,-5.72857142857143,104.914285714286,-65.7571428571429,-1.69659745714286,-0.370593771428573,-0.0101183142857158,2213,1.73663037382433
5.88,1110,-22.7285714285714,119.914285714286,3.24285714285713,-1.70551614857143,-0.323539405714287,-0.00884581714285863,2213,1.73595545120513
5.92,1106,-96.7285714285714,-43.0857142857143,-134.757142857143,-1.74347244,-0.340446240000002,-0.0617245200000015,2213,1.77747284303837
5.96,1109,4.27142857142857,-64.0857142857143,45.2428571428571,-1.74179633142857,-0.365593474285716,-0.0439712228571444,2213,1.78029394119563
6,1114,8.27142857142857,7.91428571428572,-105.757142857143,-1.73855062285714,-0.36248790857143,-0.0854703257142873,2213,1.77799351198905
6.04,1115,106.271428571429,16.9142857142857,76.2428571428571,-1.69684971428571,-0.355850742857145,-0.0555526285714301,2213,1.73465120373079
6.08,1112,-16.7285714285714,-90.0857142857143,-102.757142857143,-1.70341400571429,-0.391200377142859,-0.095874531428573,2213,1.75038536777389
6.12,1111,18.2714285714286,34.9142857142857,110.242857142857,-1.69624429714286,-0.377500011428573,-0.0526152342857158,2213,1.7385394263856
6.16,1117,2.27142857142857,-25.0857142857143,48.2428571428571,-1.69535298857143,-0.387343645714287,-0.0336847371428587,2213,1.73936526274664
6.2,1119,-13.7285714285714,6.91428571428572,117.242857142857,-1.70074008,-0.384630480000002,0.0123213599999985,2213,1.74373428072504
6.24,1119,-18.7285714285714,-46.0857142857143,-15.7571428571429,-1.70808917142857,-0.402714514285716,0.00613825714285564,2383,1.75493170116922
6.28,1114,-22.7285714285714,16.9142857142857,87.2428571428571,-1.71700786285714,-0.39607734857143,0.0403723542857128,2553,1.7625615433667
6.32,1112,-62.7285714285714,-43.0857142857143,17.2428571428571,-1.74162255428571,-0.412984182857145,0.04713845142857,2553,1.79053821251878
6.36,1113,0.271428571428572,18.9142857142857,48.2428571428571,-1.74151604571429,-0.405562217142859,0.0660689485714271,2724,1.78933617730696
6.4,1116,8.27142857142857,-59.0857142857143,7.24285714285713,-1.73827033714286,-0.428747451428573,0.0689110457142843,2724,1.7916910655352
6.44,1123,18.2714285714286,-23.0857142857143,31.2428571428571,-1.73110062857143,-0.437806285714288,0.0811707428571414,2724,1.78744857815472
6.48,1121,72.2714285714286,-11.0857142857143,-55.7571428571429,-1.70274132,-0.442156320000002,0.0592916399999985,4085,1.76021183745741
6.52,1125,24.2714285714286,-59.0857142857143,-45.7571428571429,-1.69321721142857,-0.465341554285716,0.0413365371428561,4085,1.7564839869825
6.56,1121,71.2714285714286,-13.0857142857143,37.2428571428571,-1.66525030285714,-0.47047638857143,0.0559506342857132,5277,1.73133967691092
6.6,1125,-36.7285714285714,-21.0857142857143,-89.7571428571429,-1.67966259428571,-0.478750422857144,0.0207299314285703,5277,1.74668203405358
6.64,1121,71.2714285714286,9.91428571428572,73.2428571428571,-1.65169568571429,-0.474860057142858,0.0494704285714275,5447,1.71931324527555
6.68,1125,46.2714285714286,-26.0857142857143,-134.757142857143,-1.63353877714286,-0.485096091428573,-0.00340827428571543,5447,1.7040477606811
6.72,1124,40.2714285714286,14.9142857142857,56.2428571428571,-1.61773626857143,-0.479243725714287,0.0186614228571417,5447,1.68733323086786
6.76,1121,-44.7285714285714,-49.0857142857143,-39.7571428571429,-1.63528776,-0.498504960000001,0.00306071999999886,5447,1.70958551150779
6.8,1120,4.27142857142857,-6.08571428571429,-24.7571428571429,-1.63361165142857,-0.500892994285716,-0.00665398285714402,5958,1.7086910472334
6.84,1121,-109.728571428571,-50.0857142857143,20.2428571428571,-1.67666914285714,-0.52054662857143,0.00128931428571313,5958,1.75561666358511
6.88,1116,-96.7285714285714,21.9142857142857,-6.75714285714287,-1.71462543428571,-0.511947462857144,-0.00136218857142973,6298,1.78942237612673
6.92,1115,-35.7285714285714,-0.0857142857142854,-27.7571428571429,-1.72864532571429,-0.511981097142858,-0.0122540914285726,6298,1.80291138681361
6.96,1116,-139.728571428571,6.91428571428572,-48.7571428571429,-1.78347481714286,-0.509267931428573,-0.0313863942857155,6298,1.8550259715461
7,1111,19.2714285714286,6.91428571428572,21.2428571428571,-1.77591270857143,-0.506554765714287,-0.0230506971428583,6298,1.8468879266951
7.04,1122,-177.728571428571,8.91428571428572,-53.7571428571429,-1.8456534,-0.503056800000001,-0.0441450000000012,6298,1.91349193831142
7.08,1111,-134.728571428571,-88.0857142857143,76.2428571428571,-1.89852089142857,-0.537621634285716,-0.014227302857144,6298,1.97322604204115
7.12,1116,-122.728571428571,-18.0857142857143,-1.75714285714287,-1.94667958285714,-0.54471846857143,-0.0149168057142869,6298,2.02150986131861
7.16,1113,-85.7285714285714,-25.0857142857143,-12.7571428571429,-1.98031947428571,-0.554562102857144,-0.0199227085714298,6298,2.05659944094065
7.2,1114,-164.728571428571,49.9142857142857,-36.7571428571429,-2.04495896571429,-0.534975737142858,-0.0343462114285726,6298,2.11405673363472
7.24,1114,-39.7285714285714,-29.0857142857143,-31.7571428571429,-2.06054845714286,-0.546388971428573,-0.0468077142857155,6298,2.13227386009613
7.28,1117,-86.7285714285714,-20.0857142857143,-32.7571428571429,-2.09458074857143,-0.554270605714287,-0.0596616171428584,6298,2.16749715690818
7.32,1123,-106.728571428571,17.9142857142857,79.2428571428571,-2.13646104,-0.547241040000001,-0.0285667200000012,6298,2.20561886752669
7.36,1113,-106.728571428571,70.9142857142857,-48.7571428571429,-2.17834133142857,-0.519414274285716,-0.0476990228571441,6298,2.23991904793974
7.4,1113,-102.728571428571,-140.085714285714,-75.7571428571429,-2.21865202285714,-0.57438390857143,-0.077426125714287,6298,2.29310455014528
7.44,1127,-143.728571428571,31.9142857142857,61.2428571428571,-2.27505111428571,-0.561860742857144,-0.0533944285714298,6298,2.34401280542132
7.48,1123,-125.728571428571,96.9142857142857,61.2428571428571,-2.32438700571429,-0.523831577142858,-0.0293627314285727,6298,2.38286311892697
7.52,1130,-84.7285714285714,66.9142857142857,-21.7571428571429,-2.35763449714286,-0.497574411428573,-0.0379002342857153,6298,2.40986662385814
7.56,1117,-43.7285714285714,-126.085714285714,-262.757142857143,-2.37479358857143,-0.547050445714288,-0.141006137142858,6298,2.44106360203664
7.6,1129,-72.7285714285714,29.9142857142857,36.2428571428571,-2.40333228,-0.535312080000002,-0.126784440000001,6298,2.46548968063345
7.64,1132,-138.728571428571,-110.085714285714,-145.757142857143,-2.45776937142857,-0.578509714285716,-0.183979542857144,6298,2.53163035312134
7.68,1126,-162.728571428571,-166.085714285714,1.24285714285713,-2.52162406285714,-0.643681748571431,-0.183491845714287,6298,2.60894295937412
7.72,1120,-149.728571428571,197.914285714286,142.242857142857,-2.58037755428571,-0.566020182857145,-0.12767574857143,6298,2.64481157492106
7.76,1129,-56.7285714285714,-72.0857142857143,97.2428571428571,-2.60263784571429,-0.594306617142859,-0.0895176514285725,6298,2.67113038263604
7.8,1136,-96.7285714285714,-122.085714285714,-269.757142857143,-2.64059413714286,-0.642213051428573,-0.195370354285716,6298,2.72458154142469
7.84,1137,-31.7285714285714,42.9142857142857,208.242857142857,-2.65304442857143,-0.625373485714288,-0.113655857142858,6298,2.72812286938679
7.88,1140,-165.728571428571,-73.0857142857143,135.242857142857,-2.71807632,-0.654052320000002,-0.0605865600000011,6298,2.7963179450654
7.92,1142,-103.728571428571,49.9142857142857,14.2428571428571,-2.75877941142857,-0.634465954285716,-0.054997662857144,6298,2.83133107053725
7.96,1139,-190.728571428571,-53.0857142857143,-78.7571428571429,-2.83362130285714,-0.655296788571431,-0.0859019657142869,6298,2.9096739880666
8,1135,-71.7285714285714,66.9142857142857,50.2428571428571,-2.86176759428571,-0.629039622857145,-0.0661866685714297,6298,2.93083354797312
8.04,1139,-66.7285714285714,27.9142857142857,-20.7571428571429,-2.88795188571428,-0.618086057142859,-0.0743317714285724,6298,2.95428869281233
8.08,1133,-26.7285714285714,-65.0857142857143,68.2428571428571,-2.89844017714286,-0.643625691428574,-0.0475532742857146,6298,2.96942263833192
8.12,1131,-127.728571428571,183.914285714286,99.2428571428571,-2.94856086857143,-0.57145772571429,-0.0086103771428583,6298,3.0034395726473
8.16,1132,-55.7285714285714,91.9142857142857,-71.7571428571429,-2.97042876,-0.535390560000003,-0.0367678800000018,6298,3.01851651427849
8.2,1133,-111.728571428571,-76.0857142857143,-95.7571428571429,-3.01427105142857,-0.565246594285717,-0.0743429828571439,6298,3.06771259457792
8.24,1124,-106.728571428571,82.9142857142857,367.242857142857,-3.05615134285714,-0.532711028571431,0.0697631142857166,6298,3.10301610735813
8.28,1111,-19.7285714285714,-130.085714285714,7.24285714285713,-3.06389283428571,-0.583756662857144,0.0726052114285737,6298,3.11985298662357
8.32,1114,-29.7285714285714,177.914285714286,180.242857142857,-3.07555832571429,-0.513943097142856,0.143332508571432,6298,3.12149655293493
8.36,1089,-173.728571428571,15.9142857142857,127.242857142857,-3.14372941714286,-0.507698331428571,0.193262605714289,6298,3.19032015301164
8.4,1080,11.2714285714286,140.914285714286,-128.757142857143,-3.13930650857143,-0.452403565714284,0.142738302857145,6298,3.17494701753155
8.44,1083,-84.7285714285714,-141.085714285714,100.242857142857,-3.172554,-0.507765599999997,0.182073600000001,6298,3.21808570166742
8.48,1086,-7.72857142857143,165.914285714286,95.2428571428571,-3.17558669142857,-0.44266083428571,0.219446897142859,6298,3.21379159088675
8.52,1085,-39.7285714285714,94.9142857142857,-22.7571428571429,-3.19117618285714,-0.405416468571425,0.210516994285716,6298,3.22370677139015
8.56,1096,37.2714285714286,-60.0857142857143,59.2428571428571,-3.17655087428571,-0.42899410285714,0.233763891428574,6298,3.21390058249277
8.6,1067,-128.728571428571,-116.085714285714,93.2428571428571,-3.22706396571428,-0.474546137142853,0.27035238857143,6298,3.27295375602758
8.64,1085,-33.7285714285714,-220.085714285714,-355.757142857143,-3.24029905714285,-0.560907771428569,0.130753285714284,6298,3.2910867398923
8.68,1097,24.2714285714286,3.91428571428571,266.242857142857,-3.23077494857142,-0.559371805714284,0.235226982857139,6298,3.2872686715279
8.72,1051,-51.7285714285714,-279.085714285714,-89.7571428571429,-3.25107324,-0.66888504,0.200006279999995,6298,3.32518975708445
8.76,1070,-48.7285714285714,55.9142857142857,31.2428571428571,-3.27019433142857,-0.646944274285715,0.212265977142852,6298,3.34032404182454
8.8,1032,-83.7285714285714,-118.085714285714,81.2428571428571,-3.30304942285714,-0.69328110857143,0.24414567428571,6298,3.38384120425462
8.84,1026,-119.728571428571,99.9142857142857,-59.7571428571429,-3.35003091428571,-0.654074742857145,0.220696971428568,6298,3.42041343248318
8.88,1045,-57.7285714285714,-60.0857142857143,-164.757142857143,-3.37268360571428,-0.67765237714286,0.156046268571423,6298,3.44362568907196
8.92,1022,-99.7285714285714,102.914285714286,241.242857142857,-3.41181709714285,-0.637268811428575,0.250709965714279,6298,3.47986536079836
8.96,1012,33.2714285714286,-201.085714285714,-270.757142857143,-3.39876138857142,-0.716174845714292,0.144464862857133,6298,3.47639978752131
9,1000,58.2714285714286,119.914285714286,150.242857142857,-3.37589568,-0.669120480000007,0.203420159999989,6298,3.44757503478786
9.04,949,-33.7285714285714,-51.0857142857143,-25.7571428571429,-3.38913077142857,-0.689166514285721,0.193313057142846,6298,3.46388911605418
9.08,986,-217.728571428571,-83.0857142857143,-110.757142857143,-3.47456746285714,-0.721769348571436,0.149851954285703,6298,3.55190451091889
9.12,958,72.2714285714286,-11.0857142857143,198.242857142857,-3.44620815428571,-0.72611938285715,0.227642451428558,6298,3.529223864608
9.16,932,-50.7285714285714,50.9142857142857,-172.757142857143,-3.46611404571429,-0.706140617142864,0.159852548571414,6298,3.54092275916343
9.2,928,92.2714285714286,-154.085714285714,-221.757142857143,-3.42990673714286,-0.766603851428577,0.0728350457142726,6298,3.51528756069931
9.24,922,-65.7285714285714,77.9142857142857,154.242857142857,-3.45569862857143,-0.73603028571429,0.133359942857131,6298,3.53572884528183
9.28,926,-19.7285714285714,-302.085714285714,-217.757142857143,-3.46344012,-0.854568720000002,0.0479120399999901,6298,3.56763236973837
9.32,929,-43.7285714285714,-155.085714285714,201.242857142857,-3.48059921142857,-0.915424354285718,0.126879737142849,6298,3.60120411622475
9.36,935,-126.728571428571,122.914285714286,127.242857142857,-3.53032750285714,-0.867192788571433,0.176809834285705,6298,3.63957378376644
9.4,924,-147.728571428571,40.9142857142857,-93.7571428571429,-3.58829619428572,-0.851138022857147,0.140019531428561,6298,3.69051635696958
9.44,926,-1.72857142857143,180.914285714286,222.242857142857,-3.58897448571429,-0.780147257142863,0.227227628571417,6298,3.67980977730125
9.48,923,-89.7285714285714,-75.0857142857143,-271.757142857143,-3.62418397714286,-0.809610891428578,0.120590125714271,6298,3.71547053199438
9.52,918,-4.72857142857143,54.9142857142857,16.2428571428571,-3.62603946857143,-0.788062525714293,0.126963822857128,6298,3.71285935424269
9.56,1090,-108.728571428571,-163.085714285714,31.2428571428571,-3.66870456,-0.852057360000008,0.139223519999986,6298,3.76892266859061
9.6,1034,11.2714285714286,-33.0857142857143,-34.7571428571429,-3.66428165142857,-0.865040194285722,0.125584817142843,6298,3.76709783587084
9.64,1134,-157.728571428571,-49.0857142857143,132.242857142857,-3.72617434285715,-0.884301428571437,0.177476914285702,6298,3.83377911531752
9.68,1148,28.2714285714286,41.9142857142857,-46.7571428571429,-3.71508063428572,-0.867854262857152,0.159129411428559,6298,3.81841816861193
9.72,1146,-133.728571428571,77.9142857142857,-175.757142857143,-3.76755572571429,-0.837280697142865,0.0901623085714147,6298,3.86052384451353
9.76,1156,-108.728571428571,-53.0857142857143,57.2428571428571,-3.81022081714286,-0.858111531428579,0.112624405714271,6298,3.90727812326203
9.8,1153,-41.7285714285714,-216.085714285714,-177.757142857143,-3.82659510857143,-0.942903565714295,0.0428725028571269,6298,3.94128599706755
9.84,1148,-86.7285714285714,-179.085714285714,111.242857142857,-3.8606274,-1.01317680000001,0.0865241999999831,6298,3.99229978669873
9.88,1163,-126.728571428571,59.9142857142857,44.2428571428571,-3.91035569142858,-0.989666434285722,0.103885097142841,6298,4.03498617073814
9.92,1147,-128.728571428571,18.9142857142857,-348.757142857143,-3.96086878285715,-0.982244468571436,-0.0329672057142993,6298,4.08097691094964
9.96,1160,0.271428571428572,-4.08571428571429,88.2428571428571,-3.96076227428572,-0.983847702857151,0.00165929142855861,6298,4.08112690920906
10,1157,-13.7285714285714,228.914285714286,-31.7571428571429,-3.96614936571429,-0.894021737142867,-0.010802211428584,6298,4.06567735382575
10.04,1155,21.2714285714286,155.914285714286,-98.7571428571429,-3.95780245714286,-0.832840971428582,-0.049554514285726,6298,4.04478429874107
10.08,1152,-72.7285714285714,3.91428571428571,-79.7571428571429,-3.98634114857143,-0.831305005714297,-0.0808512171428696,6298,4.0729007702905
10.12,1146,-302.728571428571,-139.085714285714,265.242857142857,-4.10513184,-0.88588224000001,0.0232300799999853,6298,4.19969456074439
10.16,1143,-21.7285714285714,44.9142857142857,60.2428571428571,-4.11365813142857,-0.868257874285724,0.046869377142843,6298,4.20455130745735
10.2,1138,-119.728571428571,250.914285714286,-4.75714285714287,-4.16063962285714,-0.76979910857144,0.0450026742857002,6298,4.23149358732104
10.24,1124,-157.728571428571,238.914285714286,154.242857142857,-4.22253231428572,-0.676049142857152,0.105527571428559,6298,4.27761120920036
10.28,1133,-30.7285714285714,9.91428571428572,-7.75714285714287,-4.23459020571429,-0.672158777142867,0.102483668571416,6298,4.28882903999978
10.32,1119,-20.7285714285714,-7.08571428571429,-291.757142857143,-4.24272409714286,-0.674939211428581,-0.0120018342857296,6298,4.29609063540642
10.36,1118,56.2714285714286,-182.085714285714,203.242857142857,-4.22064318857143,-0.746389645714294,0.0677506628571259,6298,4.28666730465306
10.4,1130,-87.7285714285714,244.914285714286,-73.7571428571429,-4.25506788000001,-0.650285280000006,0.0388083599999823,6298,4.30464629181055
10.44,1129,-60.7285714285714,-188.085714285714,-270.757142857143,-4.27889777142858,-0.724090114285719,-0.0674367428571583,6298,4.34025579271889
10.48,1136,-18.7285714285714,26.9142857142857,-33.7571428571429,-4.28624686285715,-0.713528948571433,-0.0806830457143014,6298,4.34598038233814
10.52,1140,-178.728571428571,-115.085714285714,-205.757142857143,-4.35637995428572,-0.758688582857146,-0.161422148571443,6298,4.42489681031204
10.56,1132,87.2714285714286,83.9142857142857,-37.7571428571429,-4.32213464571429,-0.725760617142859,-0.176238051428586,6298,4.38618697958155
10.6,1140,21.2714285714286,64.9142857142857,-33.7571428571429,-4.31378773714286,-0.700288251428574,-0.189484354285728,6298,4.37436539360078
10.64,1138,-100.728571428571,-16.0857142857143,-318.757142857143,-4.35331362857143,-0.706600285714289,-0.314564657142874,6298,4.42149006964855
10.68,1143,33.2714285714286,-101.085714285714,-158.757142857143,-4.34025792,-0.746266320000002,-0.376860960000016,6298,4.42004258075205
10.72,1148,-31.7285714285714,-226.085714285714,-384.757142857143,-4.35270821142858,-0.834982354285719,-0.527839662857162,6298,4.46339321766427
10.76,1133,-81.7285714285714,29.9142857142857,130.242857142857,-4.38477850285715,-0.823243988571433,-0.476732365714306,6298,4.48679027060066
10.8,1158,-47.7285714285714,-34.0857142857143,20.2428571428571,-4.40350719428572,-0.836619222857148,-0.468789068571449,6298,4.50672503321339
10.84,1145,-85.7285714285714,132.914285714286,-17.7571428571429,-4.43714708571429,-0.784463657142863,-0.475756971428591,6298,4.53100454485577
10.88,1155,-69.7285714285714,-236.085714285714,5.24285714285713,-4.46450857714286,-0.87710369142858,-0.473699674285734,6298,4.57444413041828
10.92,1148,-148.728571428571,12.9142857142857,65.2428571428571,-4.52286966857143,-0.872036125714294,-0.448098377142878,6298,4.62791413047307
10.96,1136,-15.7285714285714,-215.085714285714,7.24285714285713,-4.52904156,-0.95643576000001,-0.44525628000002,6298,4.65029461110729
11,1134,20.2714285714286,-133.085714285714,-87.7571428571429,-4.52108705142858,-1.00865859428572,-0.479692182857163,6298,4.65700814651594
11.04,1126,-101.728571428571,-122.085714285714,24.2428571428571,-4.56100534285715,-1.05656502857144,-0.470179285714306,6298,4.70533399004645
11.08,1120,-34.7285714285714,145.914285714286,253.242857142857,-4.57463283428572,-0.99930826285715,-0.370806788571446,6298,4.69716725774059
11.12,1119,-110.728571428571,407.914285714286,74.2428571428571,-4.61808272571429,-0.839242697142867,-0.34167389142859,6298,4.70614039466868
11.16,1105,0.271428571428572,-16.0857142857143,-123.757142857143,-4.61797621714286,-0.845554731428582,-0.390236194285734,6298,4.71093954888714
11.2,1121,-20.7285714285714,108.914285714286,235.242857142857,-4.62611010857143,-0.802816765714297,-0.297926897142878,6298,4.70469658235044
11.24,1123,-59.7285714285714,85.9142857142857,-155.757142857143,-4.6495476,-0.769104000000011,-0.359046000000023,6298,4.72638634451288
11.28,1134,5.27142857142857,-31.0857142857143,-86.7571428571429,-4.64747909142857,-0.781302034285725,-0.393089502857165,6298,4.72906059712722
11.32,1139,-56.7285714285714,107.914285714286,64.2428571428571,-4.66973938285715,-0.738956468571438,-0.367880605714307,6298,4.74213651282956
11.36,1136,-55.7285714285714,-62.0857142857143,-113.757142857143,-4.69160727428572,-0.763318902857152,-0.412518908571449,6298,4.77116405225378
11.4,1146,-100.728571428571,9.91428571428572,207.242857142857,-4.73113316571429,-0.759428537142866,-0.33119681142859,6298,4.80312857028095
11.44,1148,-116.728571428571,42.9142857142857,120.242857142857,-4.77693745714286,-0.74258897142858,-0.284013514285734,6298,4.84264736752933
11.48,1131,150.271428571429,-126.085714285714,-107.757142857143,-4.71797094857143,-0.792065005714296,-0.326297417142878,6298,4.79511072335929
11.52,1138,69.2714285714286,27.9142857142857,90.2428571428571,-4.69078884,-0.78111144000001,-0.290886120000021,6298,4.76426801911649
11.56,1120,-71.7285714285714,108.914285714286,-324.757142857143,-4.71893513142857,-0.738373474285724,-0.418320822857167,6298,4.79463621904681
11.6,1119,72.2714285714286,105.914285714286,258.242857142857,-4.69057582285715,-0.696812708571439,-0.316986325714312,6298,4.75263398879911
11.64,1129,-182.728571428571,-36.0857142857143,-38.7571428571429,-4.76227851428572,-0.710972742857154,-0.332194628571455,6298,4.82650309851397
11.68,1117,-95.7285714285714,106.914285714286,-44.7571428571429,-4.79984240571429,-0.669019577142869,-0.349757331428598,6298,4.85884806360331
11.72,1127,-71.7285714285714,-216.085714285714,-42.7571428571429,-4.82798869714286,-0.753811611428585,-0.366535234285741,6298,4.90020967747674
11.76,1132,-196.728571428571,-29.0857142857143,-57.7571428571429,-4.90518498857143,-0.765224845714299,-0.389199137142883,6298,4.97974746397423
11.8,1125,92.2714285714286,-163.085714285714,-80.7571428571429,-4.86897768,-0.829219680000015,-0.420888240000027,6298,4.95698455077357
11.84,1135,31.2714285714286,293.914285714286,84.2428571428571,-4.85670677142857,-0.713887714285731,-0.387831342857171,6298,4.92419023624704
11.88,1132,-151.728571428571,-38.0857142857143,57.2428571428571,-4.91624506285715,-0.728832548571446,-0.365369245714313,6298,4.98338811328581
11.92,1142,-16.7285714285714,29.9142857142857,193.242857142857,-4.92280935428572,-0.717094182857161,-0.289540748571457,6298,4.98318270293332
11.96,1145,-40.7285714285714,-153.085714285714,-75.7571428571429,-4.93879124571429,-0.777165017142876,-0.319267851428601,6298,5.00974813674007
12,1133,36.2714285714286,-368.085714285714,34.2428571428571,-4.92455833714286,-0.921601851428587,-0.305830954285744,6298,5.01937818470368
12.04,1146,-62.7285714285714,14.9142857142857,151.242857142857,-4.94917302857143,-0.915749485714302,-0.246483257142888,6298,5.03921271463874
12.08,1139,-16.7285714285714,-71.0857142857143,-106.757142857143,-4.95573732,-0.943643520000017,-0.288374760000032,6298,5.05301449432751
12.12,1134,-0.728571428571428,-353.085714285714,6.24285714285713,-4.95602321142858,-1.08219435428573,-0.285925062857175,6298,5.08085266803089
12.16,1133,-43.7285714285714,390.914285714286,190.242857142857,-4.97318230285715,-0.928799588571439,-0.211273765714316,6298,5.06358050170639
12.2,1130,-114.728571428571,-97.0857142857143,40.2428571428571,-5.01820179428572,-0.966896022857152,-0.195482468571459,6298,5.11423997899084
12.24,1132,46.2714285714286,-125.085714285714,-261.757142857143,-5.00004488571429,-1.01597965714287,-0.298195971428605,6298,5.11092793534227
12.28,1128,-72.7285714285714,-73.0857142857143,-158.757142857143,-5.02858357714286,-1.04465849142858,-0.360492274285746,6298,5.14858415837252
12.32,1120,-138.728571428571,94.9142857142857,113.242857142857,-5.08302066857143,-1.00741412571429,-0.316055777142888,6298,5.19151939147669
12.36,1113,-235.728571428571,512.914285714286,268.242857142857,-5.17552056,-0.806146560000013,-0.210797280000033,6298,5.24216757042714
12.4,1111,-212.728571428571,202.914285714286,86.2428571428571,-5.25899525142858,-0.726522994285726,-0.176955582857175,6298,5.31189043505968
12.44,1114,38.2714285714286,-25.0857142857143,271.242857142857,-5.24397754285715,-0.73636662857144,-0.0705198857143202,6298,5.29589551784634
12.48,1094,-155.728571428571,-9.08571428571429,-97.7571428571429,-5.30508543428572,-0.739931862857154,-0.108879788571464,6298,5.35754472077473
12.52,1087,62.2714285714286,-101.085714285714,4.24285714285713,-5.28065012571429,-0.779597897142868,-0.107214891428607,6298,5.33896372570371
12.56,1094,13.2714285714286,203.914285714286,9.24285714285713,-5.27544241714286,-0.69958193142858,-0.10358799428575,6298,5.32263450256841
12.6,1097,-128.728571428571,253.914285714286,6.24285714285713,-5.32595550857143,-0.599945965714297,-0.101138297142893,6298,5.36059382869176
12.64,1125,19.2714285714286,109.914285714286,-111.757142857143,-5.3183934,-0.55681560000001,-0.144991800000036,6298,5.34942750129715
12.68,1137,-0.728571428571428,194.914285714286,77.2428571428571,-5.31867929142858,-0.480331234285726,-0.11468170285718,6298,5.34155589624146
12.72,1132,-61.7285714285714,-294.085714285714,-77.7571428571429,-5.34290158285715,-0.595730468571443,-0.145193605714324,6298,5.37797111357267
12.76,1129,24.2714285714286,-56.0857142857143,195.242857142857,-5.33337747428572,-0.617738502857157,-0.068580308571468,6298,5.36947105401028
12.8,1120,-52.7285714285714,-53.0857142857143,-122.757142857143,-5.35406816571429,-0.638569337142871,-0.116750211428612,6298,5.39327797664119
12.84,1122,-5.72857142857143,-5.08571428571429,41.2428571428571,-5.35631605714286,-0.640564971428586,-0.100566514285755,6298,5.39542016996113
12.88,1138,25.2714285714286,-29.0857142857143,-63.7571428571429,-5.34639954857143,-0.6519782057143,-0.125584817142899,6298,5.38747020966131
12.92,1116,-32.7285714285714,203.914285714286,122.242857142857,-5.35924224000001,-0.571962240000016,-0.0776167200000425,6298,5.39023585255874
12.96,1147,-100.728571428571,69.9142857142857,342.242857142857,-5.39876813142858,-0.54452787428573,0.0566793771428178,6298,5.42645561067224
13,1146,-70.7285714285714,-352.085714285714,-82.7571428571429,-5.42652202285715,-0.682686308571441,0.0242054742856756,6298,5.4693498485149
13.04,1146,-60.7285714285714,-80.0857142857143,104.242857142857,-5.45035191428572,-0.714111942857155,0.0651103714285319,6298,5.49732036695669
13.08,1155,48.2714285714286,-267.085714285714,-133.757142857143,-5.43141020571429,-0.818916377142872,0.0126240685713878,6298,5.49281350699234
13.12,1147,-66.7285714285714,-92.0857142857143,2.24285714285713,-5.45759449714286,-0.855050811428585,0.0135041657142449,6298,5.52418608917733
13.16,1141,52.2714285714286,-153.085714285714,34.2428571428571,-5.43708318857143,-0.915121645714301,0.0269410628571024,6298,5.51362376724862
13.2,1146,-43.7285714285714,-121.085714285714,-19.7571428571429,-5.45424228,-0.962635680000014,0.0191883599999597,6298,5.5385733266346
13.24,1118,-91.7285714285714,93.9142857142857,73.2428571428571,-5.49023657142858,-0.925783714285727,0.0479288571428175,6298,5.56795027557139
13.28,1144,-23.7285714285714,1.91428571428571,203.242857142857,-5.49954766285715,-0.925032548571442,0.127681354285673,6298,5.57826247501732
13.32,1128,-18.7285714285714,-77.0857142857143,-225.757142857143,-5.50689675428572,-0.955280982857157,0.039094251428528,6298,5.58927562203421
13.36,1144,-85.7285714285714,-59.0857142857143,36.2428571428571,-5.54053664571429,-0.978466217142871,0.0533159485713849,6298,5.62652513110578
13.4,1135,-66.7285714285714,-49.0857142857143,162.242857142857,-5.56672093714286,-0.997727451428585,0.116980045714244,6298,5.65663560700654
13.44,1131,-33.7285714285714,-336.085714285714,-182.757142857143,-5.57995602857143,-1.1296074857143,0.0452661428571022,6298,5.69332691633474
13.48,1132,12.2714285714286,-66.0857142857143,53.2428571428571,-5.57514072000001,-1.15553952000001,0.0661586399999598,6298,5.69401814149996
13.52,1127,-92.7285714285714,-267.085714285714,-246.757142857143,-5.61152741142858,-1.26034395428572,-0.030668862857181,6298,5.75140394612201
13.56,1116,-92.7285714285714,-434.085714285714,203.242857142857,-5.64791410285715,-1.43067918857144,0.049083634285678,6298,5.82650717471615
13.6,1126,-36.7285714285714,243.914285714286,-70.7571428571429,-5.66232639428572,-1.33496722285716,0.0213185314285357,6298,5.81760536314642
13.64,1110,-81.7285714285714,189.914285714286,-88.7571428571429,-5.69439668571429,-1.26044485714287,-0.013509771428608,6298,5.83224291041584
13.68,1121,113.271428571429,-208.085714285714,273.242857142857,-5.64994897714286,-1.34209769142858,0.0937107257142469,6298,5.80791970999682
13.72,1129,-2.72857142857143,67.9142857142857,-0.757142857142867,-5.65101966857144,-1.3154481257143,0.093413622857104,6298,5.80285732815841
13.76,1128,4.27142857142857,43.9142857142857,117.242857142857,-5.64934356000001,-1.29821616000001,0.13941971999996,6298,5.79826575066404
13.8,1126,33.2714285714286,52.9142857142857,118.242857142857,-5.63628785142858,-1.27745259428573,0.185818217142818,6298,5.78222745009489
13.84,1123,-112.728571428571,-16.0857142857143,-35.7571428571429,-5.68052254285715,-1.28376462857144,0.171787114285676,6298,5.82631090777981
13.88,1123,-91.7285714285714,92.9142857142857,155.242857142857,-5.71651683428572,-1.24730506285715,0.232704411428534,6298,5.85563711133122
13.92,1121,-28.7285714285714,5.91428571428572,102.242857142857,-5.72778992571429,-1.24498429714287,0.272824508571391,6298,5.86787836834777
13.96,1112,-36.7285714285714,-253.085714285714,-61.7571428571429,-5.74220221714286,-1.34429513142858,0.248591005714247,6298,5.90269541743982
14,1120,4.27142857142857,-99.0857142857143,100.242857142857,-5.74052610857144,-1.3831763657143,0.287926302857104,6298,5.91182868643349
14.04,1115,-209.728571428571,95.9142857142857,-90.7571428571429,-5.82282360000001,-1.34553960000001,0.252313199999962,6298,5.98158954148305
14.08,1101,25.2714285714286,52.9142857142857,64.2428571428571,-5.81290709142858,-1.32477603428573,0.277522097142819,6298,5.96841175766225
14.12,1126,59.2714285714286,215.914285714286,84.2428571428571,-5.78964898285715,-1.24005126857144,0.310578994285676,6298,5.92909957793559
14.16,1127,-1.72857142857143,16.9142857142857,130.242857142857,-5.79032727428572,-1.23341410285716,0.361686291428534,6298,5.93127450602915
14.2,1143,68.2714285714286,-10.0857142857143,-105.757142857143,-5.76353756571429,-1.23737173714287,0.320187188571392,6298,5.90355604047298
14.24,1150,24.2714285714286,20.9142857142857,-49.7571428571429,-5.75401345714286,-1.22916497142858,0.300662485714249,6298,5.89151214225041
14.28,1148,-118.728571428571,126.914285714286,29.2428571428571,-5.80060254857143,-1.1793638057143,0.312137382857106,6298,5.92750526431645
14.32,1153,17.2714285714286,-27.0857142857143,-34.7571428571429,-5.79382524,-1.18999224000001,0.298498679999962,6298,5.92229633713841
14.36,1153,-19.7285714285714,-62.0857142857143,-130.757142857143,-5.80156673142858,-1.21435467428573,0.247189577142821,6298,5.93244776641367
14.4,1147,38.2714285714286,-233.085714285714,43.2428571428571,-5.78654902285715,-1.30581750857144,0.264158074285678,6298,5.93793637957086
14.4,1147,38.2714285714286,-233.085714285714,43.2428571428571,-5.78654902285715,-1.30581750857144,0.264158074285678,6298,5.93793637957086
14.4,1147,38.2714285714286,-233.085714285714,43.2428571428571,-5.78654902285715,-1.30581750857144,0.264158074285678,6298,5.93793637957086
14.44,1149,17.2714285714286,53.9142857142857,22.2428571428571,-5.77977171428572,-1.28466154285716,0.272886171428535,6298,5.92710580397468
14.48,1127,-117.728571428571,66.9142857142857,-157.757142857143,-5.82596840571429,-1.25840437714287,0.210982268571391,6298,5.96405926852215
15.72,1126,20.2714285714286,-107.085714285714,-354.757142857143,-5.57937864,-2.56103784000002,-4.10442552000004,6298,7.38476063766645
15.76,1114,25.2714285714286,-128.085714285714,171.242857142857,-5.56946213142858,-2.61129867428573,-4.03722982285718,6298,7.35778593343886
15.76,1114,25.2714285714286,-128.085714285714,171.242857142857,-5.56946213142858,-2.61129867428573,-4.03722982285718,6298,7.35778593343886
15.8,1123,-51.7285714285714,15.9142857142857,-145.757142857143,-5.58976042285715,-2.60505390857144,-4.09442492571433,6298,7.40243493208919
15.84,1113,-15.7285714285714,-56.0857142857143,41.2428571428571,-5.59593231428572,-2.62706194285716,-4.07824122857147,6298,7.40594115802277
15.88,1113,-159.728571428571,-160.085714285714,37.2428571428571,-5.65860980571429,-2.68987957714287,-4.06362713142861,6298,7.46782314574596
15.92,1106,-21.7285714285714,-59.0857142857143,-316.757142857143,-5.66713609714286,-2.71306481142859,-4.18792263428575,6298,7.55088393536244
15.96,1107,-103.728571428571,92.9142857142857,150.242857142857,-5.70783918857144,-2.6766052457143,-4.1289673371429,6298,7.53604771184273
16,1106,-84.7285714285714,-186.085714285714,40.2428571428571,-5.74108668000001,-2.74962528000001,-4.11317604000004,6298,7.5788345135462
16.04,1104,-133.728571428571,80.9142857142857,-23.7571428571429,-5.79356177142858,-2.71787451428573,-4.12249834285718,6298,7.61230533160768
16.08,1095,19.2714285714286,-51.0857142857143,8.24285714285713,-5.78599966285715,-2.73792054857144,-4.11926384571432,6298,7.61198631498257
16.12,1106,-68.7285714285714,124.914285714286,-78.7571428571429,-5.81296875428572,-2.68890418285715,-4.15016814857147,6298,7.63182200423372
16.16,1089,-193.728571428571,-310.085714285714,-132.757142857143,-5.88898784571429,-2.81058181714286,-4.20226205142861,6298,7.76135003377001
16.2,1105,95.2714285714286,-94.0857142857143,74.2428571428571,-5.85160333714286,-2.84750105142858,-4.17312915428575,6298,7.73075227849775
16.24,1110,71.2714285714286,134.914285714286,-151.757142857143,-5.82363642857144,-2.79456068571429,-4.2326786571429,6298,7.72268601543253
16.28,1116,-53.7285714285714,62.9142857142857,252.242857142857,-5.84471952000001,-2.76987312000001,-4.13369856000003,6298,7.67596294632237
16.32,1117,-81.7285714285714,-117.085714285714,261.242857142857,-5.87678981142858,-2.81581755428572,-4.03118686285718,6298,7.6626336536472
16.36,1128,-100.728571428571,79.9142857142857,44.2428571428571,-5.91631570285715,-2.78445918857143,-4.01382596571432,6298,7.67247048555656
16.4,1124,-104.728571428571,141.914285714286,313.242857142857,-5.95741119428572,-2.72877202285715,-3.89090946857147,6298,7.62076908081775
16.44,1135,-140.728571428571,306.914285714286,110.242857142857,-6.0126330857143,-2.60833885714286,-3.84765017142861,6298,7.59997368803354
16.48,1140,-38.7285714285714,-17.0857142857143,17.2428571428571,-6.02783017714287,-2.61504329142857,-3.84088407428575,6298,7.61088552880817
16.52,1146,108.271428571429,-151.085714285714,39.2428571428571,-5.98534446857144,-2.67432932571428,-3.82548517714289,6298,7.59017276419807
16.56,1159,-187.728571428571,-212.085714285714,2.24285714285713,-6.05900916000001,-2.75755176,-3.82460508000003,6298,7.67745320584927
16.6,1145,-132.728571428571,-229.085714285714,42.2428571428571,-6.11109185142858,-2.84744499428572,-3.80802898285718,6298,7.7430272727377
16.64,1170,36.2714285714286,-14.0857142857143,75.2428571428571,-6.09685894285716,-2.85297222857143,-3.77850368571432,6298,7.71934126781902
16.68,1161,76.2714285714286,-37.0857142857143,-171.757142857143,-6.06693003428573,-2.86752466285714,-3.84590118857146,6298,7.73442264718367
16.72,1173,-87.7285714285714,-160.085714285714,-47.7571428571429,-6.1013547257143,-2.93034229714286,-3.8646410914286,6298,7.79415718554477
16.76,1164,47.2714285714286,-1.08571428571429,-80.7571428571429,-6.08280541714287,-2.93076833142857,-3.89633019428575,6298,7.7955957911009
16.8,1161,-53.7285714285714,-241.085714285714,-98.7571428571429,-6.10388850857144,-3.02537036571428,-3.93508249714289,6298,7.86734993718552
16.84,1154,55.2714285714286,-211.085714285714,-105.757142857143,-6.08220000000001,-3.1082004,-3.97658160000003,6298,7.90362371245109
16.88,1153,-46.7285714285714,81.9142857142857,-21.7571428571429,-6.10053629142858,-3.07605723428571,-3.98511910285718,6298,7.90947820122136
16.92,1143,-39.7285714285714,-348.085714285714,-24.7571428571429,-6.11612578285716,-3.21264606857143,-3.99483380571432,6298,7.98040014591471
16.96,1153,-49.7285714285714,-95.0857142857143,-20.7571428571429,-6.13563927428573,-3.24995770285715,-4.00297890857146,6298,8.01449527524884
17,1145,-133.728571428571,-150.085714285714,-235.757142857143,-6.1881143657143,-3.30885133714286,-4.0954900114286,6298,8.1249181539375
17.04,1148,-15.7285714285714,168.914285714286,87.2428571428571,-6.19428625714287,-3.24256937142858,-4.06125591428575,6298,8.08561920728874
17.08,1163,-33.7285714285714,-292.085714285714,-125.757142857143,-6.20752134857144,-3.35718380571429,-4.11060301714289,6298,8.16707178631758
17.12,1167,19.2714285714286,-178.085714285714,-193.757142857143,-6.19995924000001,-3.42706464000001,-4.18663332000004,6298,8.22874019401113
17.16,1174,106.271428571429,5.91428571428572,-226.757142857143,-6.15825833142858,-3.42474387428572,-4.27561282285718,6298,8.24220124069097
17.2,1181,44.2714285714286,125.914285714286,-171.757142857143,-6.14088622285715,-3.37533510857144,-4.34301032571432,6298,8.24409542560571
17.24,1177,-24.7285714285714,133.914285714286,38.2428571428571,-6.15058971428573,-3.32278714285715,-4.32800382857146,6298,8.22206089556283
17.28,1176,-106.728571428571,160.914285714286,99.2428571428571,-6.1924700057143,-3.25964437714286,-4.2890609314286,6298,8.20780177091391
17.32,1164,-105.728571428571,113.914285714286,250.242857142857,-6.23395789714287,-3.21494441142858,-4.19086563428575,6298,8.17076822560541
17.36,1174,-56.7285714285714,88.9142857142857,7.24285714285713,-6.25621818857144,-3.18005444571429,-4.18802353714289,6298,8.17267113301289
17.4,1159,-184.728571428571,133.914285714286,129.242857142857,-6.32870568000001,-3.12750648000001,-4.13730864000003,6298,8.18236733159331
17.44,1150,-13.7285714285714,129.914285714286,262.242857142857,-6.33409277142858,-3.07652811428572,-4.03440454285717,6298,8.11555152102929
17.48,1164,-7.72857142857143,16.9142857142857,-190.757142857143,-6.33712546285715,-3.06989094857143,-4.10925764571431,6298,8.15287605492533
17.52,1159,-44.7285714285714,354.914285714286,290.242857142857,-6.35467695428573,-2.93062258285715,-3.99536634857146,6298,8.05812758497777
17.56,1156,-164.728571428571,66.9142857142857,125.242857142857,-6.4193164457143,-2.90436541714287,-3.9462210514286,6298,8.0756190284864
17.6,1152,-75.7285714285714,-267.085714285714,-155.757142857143,-6.44903233714287,-3.00916985142859,-4.00734015428575,6298,8.16724533685698
17.64,1157,-78.7285714285714,-43.0857142857143,26.2428571428571,-6.47992542857144,-3.0260766857143,-3.99704245714289,6298,8.19285799168235
17.68,1153,-91.7285714285714,196.914285714286,3.24285714285713,-6.51591972000001,-2.94880752000002,-3.99576996000003,6298,8.19260966729969
17.72,1155,-44.7285714285714,114.914285714286,-205.757142857143,-6.53347121142858,-2.90371515428573,-4.07650906285717,6298,8.23017216754008
17.76,1165,114.271428571429,20.9142857142857,-23.7571428571429,-6.48863110285715,-2.89550838857145,-4.08583136571432,6298,8.19636019012755
17.8,1164,-177.728571428571,90.9142857142857,-37.7571428571429,-6.55837179428572,-2.85983362285716,-4.10064726857146,6298,8.24658698879417
17.84,1151,-21.7285714285714,-97.0857142857143,-11.7571428571429,-6.56689808571429,-2.89793005714288,-4.1052607714286,6298,8.26893675666229
17.88,1173,-142.728571428571,-69.0857142857143,-35.7571428571429,-6.62290477714286,-2.92503929142859,-4.11929187428575,6298,8.32990324608031
17.92,1169,25.2714285714286,6.91428571428572,52.2428571428571,-6.61298826857143,-2.9223261257143,-4.09879177714289,6298,8.31093844626886
17.96,1173,-26.7285714285714,138.914285714286,43.2428571428571,-6.62347656,-2.86781616000002,-4.08182328000003,6298,8.2919293627947
18,1169,-116.728571428571,437.914285714286,28.2428571428571,-6.66928085142857,-2.69597859428574,-4.07074078285717,6298,8.26550289923701
18.04,1164,-0.728571428571428,-194.085714285714,-180.757142857143,-6.66956674285715,-2.77213782857145,-4.14166988571431,6298,8.32594127533072
18.08,1164,59.2714285714286,-36.0857142857143,11.2428571428571,-6.64630863428572,-2.78629786285716,-4.13725818857146,6298,8.30986038159757
18.12,1166,-142.728571428571,-160.085714285714,14.2428571428571,-6.70231532571429,-2.84911549714288,-4.1316692914286,6298,8.37312253434156
18.16,1160,-7.72857142857143,125.914285714286,-24.7571428571429,-6.70534801714286,-2.7997067314286,-4.14138399428574,6298,8.36367809047757
18.2,1168,37.2714285714286,-396.085714285714,-377.757142857143,-6.69072270857143,-2.95513076571431,-4.28961589714288,6298,8.47934978347312
18.24,1157,-50.7285714285714,-255.085714285714,86.2428571428571,-6.71062860000001,-3.05522640000002,-4.25577420000003,6298,8.51343400771868
18.28,1184,-24.7285714285714,284.914285714286,147.242857142857,-6.72033209142858,-2.94342603428573,-4.19799610285717,6298,8.45279785148088
18.32,1173,-11.7285714285714,-72.0857142857143,81.2428571428571,-6.72493438285715,-2.97171246857144,-4.16611640571431,6298,8.45058242700224
18.36,1184,-13.7285714285714,-149.085714285714,-41.7571428571429,-6.73032147428572,-3.03021370285715,-4.18250190857145,6298,8.48367517337967
18.4,1178,31.2714285714286,-109.085714285714,-294.757142857143,-6.71805056571429,-3.07301893714287,-4.29816461142859,6298,8.54692154044191
18.44,1169,-61.7285714285714,-183.085714285714,-38.7571428571429,-6.74227285714287,-3.14486177142859,-4.31337291428574,6298,8.59962701163557
18.48,1174,-119.728571428571,113.914285714286,49.2428571428571,-6.78925434857144,-3.1001618057143,-4.29405001714288,6298,8.610681934721
18.52,1167,27.2714285714286,282.914285714286,-228.757142857143,-6.77855304000001,-2.98914624000002,-4.38381432000002,6298,8.60822888592287
18.56,1162,185.271428571429,-152.085714285714,76.2428571428571,-6.70585253142858,-3.04882467428573,-4.35389662285716,6298,8.5568806156407
18.6,1169,-146.728571428571,255.914285714286,4.24285714285713,-6.76342882285716,-2.94840390857144,-4.35223172571431,6298,8.56615293140675
18.64,1143,-44.7285714285714,-9.08571428571429,56.2428571428571,-6.78098031428573,-2.95196914285715,-4.33016202857145,6298,8.57007112203822
18.68,1174,-43.7285714285714,-25.0857142857143,131.242857142857,-6.7981394057143,-2.96181277714287,-4.27866233142859,6298,8.56119066793622
18.72,1159,62.2714285714286,-177.085714285714,-126.757142857143,-6.77370409714287,-3.03130121142858,-4.32840183428573,6298,8.59109519613807
18.76,1173,-151.728571428571,92.9142857142857,71.2428571428571,-6.83324238857145,-2.99484164571429,-4.30044613714288,6298,8.6113944865127
18.8,1176,-17.7285714285714,318.914285714286,-28.7571428571429,-6.84019908000002,-2.86969968000001,-4.31173044000002,6298,8.57989038943086
18.84,1168,-51.7285714285714,5.91428571428572,-47.7571428571429,-6.86049737142859,-2.86737891428572,-4.33047034285716,6298,8.60472308745809
18.88,1167,2.27142857142857,-166.085714285714,-83.7571428571429,-6.85960606285716,-2.93255094857144,-4.3633366457143,6298,8.64249715576391
18.92,1161,-25.7285714285714,-18.0857142857143,-295.757142857143,-6.86970195428573,-2.93964778285715,-4.47939174857145,6298,8.71201953998866
18.96,1157,-117.728571428571,-2.08571428571429,349.242857142857,-6.9158986457143,-2.94046621714287,-4.3423488514286,6298,8.6794002787897
19,1157,-232.728571428571,-24.0857142857143,103.242857142857,-7.00722133714287,-2.94991745142858,-4.30183635428574,6298,8.73549997750602
19.04,1136,-116.728571428571,-198.085714285714,26.2428571428571,-7.05302562857144,-3.02764628571429,-4.29153865714289,6298,8.79369754963388
19.08,1158,67.2714285714286,-99.0857142857143,-6.75714285714287,-7.02662832000001,-3.06652752000001,-4.29419016000003,6298,8.78732983952376
19.12,1148,-15.7285714285714,19.9142857142857,14.2428571428571,-7.03280021142859,-3.05871315428572,-4.28860126285717,6298,8.78681431269892
19.16,1155,-56.7285714285714,-75.0857142857143,-79.7571428571429,-7.05506050285716,-3.08817678857143,-4.31989796571431,6298,8.83018873018177
19.2,1150,35.2714285714286,-183.085714285714,99.2428571428571,-7.04121999428573,-3.16001962285715,-4.28095506857146,6298,8.8255922930928
19.24,1149,-53.7285714285714,6.91428571428572,255.242857142857,-7.0623030857143,-3.15730645714286,-4.1807977714286,6298,8.79339405146773
19.28,1152,-58.7285714285714,110.914285714286,119.242857142857,-7.08534817714287,-3.11378369142857,-4.13400687428574,6298,8.77427036881074
19.32,1141,-108.728571428571,93.9142857142857,-35.7571428571429,-7.12801326857144,-3.07693172571429,-4.14803797714289,6298,8.80240314127098
19.36,1147,-90.7285714285714,78.9142857142857,344.242857142857,-7.16361516000001,-3.04596576,-4.01295708000003,6298,8.75780304058026
19.4,1142,-170.728571428571,208.914285714286,-91.7571428571429,-7.23060905142858,-2.96398779428572,-4.04896258285717,6298,8.80119474257064
19.44,1120,3.27142857142857,-216.085714285714,117.242857142857,-7.22932534285716,-3.04877982857144,-4.00295648571431,6298,8.80805676539968
19.48,1142,-4.72857142857143,27.9142857142857,-228.757142857143,-7.23118083428573,-3.03782626285715,-4.09272078857145,6298,8.84696151877303
19.52,1130,32.2714285714286,64.9142857142857,117.242857142857,-7.2185175257143,-3.01235389714287,-4.0467146914286,6298,8.80665493047731
19.56,1141,49.2714285714286,-68.0857142857143,2.24285714285713,-7.19918341714287,-3.03907073142858,-4.04583459428574,6298,8.79960057892459
19.6,1135,52.2714285714286,52.9142857142857,108.242857142857,-7.17867210857144,-3.01830716571429,-4.00336009714288,6298,8.75616374083877
19.64,1128,-106.728571428571,-109.085714285714,9.24285714285713,-7.22055240000001,-3.06111240000001,-3.99973320000002,6298,8.8036726289522
19.68,1131,-48.7285714285714,-96.0857142857143,-118.757142857143,-7.23967349142858,-3.09881643428572,-4.04633350285717,6298,8.85371957836012
19.72,1130,-27.7285714285714,-192.085714285714,-20.7571428571429,-7.25055418285715,-3.17419086857143,-4.05447860571431,6298,8.89296465712446
19.76,1122,-30.7285714285714,150.914285714286,-5.75714285714287,-7.26261207428573,-3.11497210285714,-4.05673770857145,6298,8.88288839169358
19.8,1129,-135.728571428571,-19.0857142857143,-82.7571428571429,-7.3158719657143,-3.12246133714286,-4.0892116114286,6298,8.94390289659491
19.84,1108,-51.7285714285714,-79.0857142857143,-40.7571428571429,-7.33617025714287,-3.15349457142857,-4.10520471428574,6298,8.97867628328424
19.88,1133,17.2714285714286,-94.0857142857143,26.2428571428571,-7.32939294857144,-3.19041380571429,-4.09490701714288,6298,8.98148120998464
19.92,1138,-48.7285714285714,236.914285714286,83.2428571428571,-7.34851404000001,-3.09744863999999,-4.06224252000002,6298,8.94967379097201
19.96,1154,-77.7285714285714,51.9142857142857,231.242857142857,-7.37901473142858,-3.07707747428571,-3.97150282285717,6298,8.92698710995815
20,1150,-55.7285714285714,89.9142857142857,62.2428571428571,-7.40088262285715,-3.04179510857142,-3.94707872571431,6298,8.92216406186439
20.04,1157,-31.7285714285714,-120.085714285714,-82.7571428571429,-7.41333291428573,-3.08891674285714,-3.97955262857145,6298,8.96302129116657
20.08,1159,9.27142857142857,-145.085714285714,-111.757142857143,-7.4096948057143,-3.14584837714285,-4.02340613142859,6298,8.99931864222058
20.12,1163,-23.7285714285714,-161.085714285714,-251.757142857143,-7.41900589714287,-3.20905841142857,-4.12219563428574,6298,9.07370934277297
20.16,1150,-216.728571428571,84.9142857142857,198.242857142857,-7.50405018857144,-3.17573804571428,-4.04440513714289,6298,9.09688376758459
20.2,1162,6.27142857142857,0.914285714285715,-74.7571428571429,-7.50158928000001,-3.17537928,-4.07373984000003,6298,9.10781156928863
20.24,1136,-136.728571428571,75.9142857142857,-31.7571428571429,-7.55524157142858,-3.14559051428571,-4.08620134285717,6298,9.14731962383378
20.28,1147,93.2714285714286,244.914285714286,272.242857142857,-7.51864186285715,-3.04948614857142,-3.97937324571431,6298,9.03685524178316
20.32,1152,-66.7285714285714,-130.085714285714,21.2428571428571,-7.54482615428572,-3.10053178285713,-3.97103754857145,6298,9.07231162643047
20.36,1151,-75.7285714285714,-228.085714285714,41.2428571428571,-7.57454204571429,-3.19003261714285,-3.95485385142859,6298,9.12090260264237
20.4,1144,-178.728571428571,198.914285714286,243.242857142857,-7.64467513714286,-3.11197865142856,-3.85940535428574,6298,9.11155742823842
20.44,1146,-94.7285714285714,-23.0857142857143,-72.7571428571429,-7.68184662857143,-3.12103748571428,-3.88795525714288,6298,9.15793856136156
20.48,1145,-58.7285714285714,42.9142857142857,-6.75714285714287,-7.70489172,-3.10419791999999,-3.89060676000003,6298,9.17268892443294
20.52,1135,-41.7285714285714,-191.085714285714,-86.7571428571429,-7.72126601142858,-3.1791799542857,-3.92465026285717,6298,9.22648436224324
20.56,340,-87.7285714285714,-184.085714285714,-255.757142857143,-7.75569070285715,-3.25141518857142,-4.02500936571431,6298,9.32325798210827
20.6,337,149.271428571429,4.91428571428572,-21.7571428571429,-7.69711659428571,-3.24948682285713,-4.03354686857145,6298,9.27762193770113
20.64,332,-79.7285714285714,-2.08571428571429,-159.757142857143,-7.72840208571428,-3.25030525714284,-4.0962355714286,6298,9.33122869292787
20.68,331,67.2714285714286,112.914285714286,241.242857142857,-7.70200477714286,-3.20599769142856,-4.00157187428574,6298,9.25266860152525
20.72,325,-64.7285714285714,-250.085714285714,-158.757142857143,-7.72740426857143,-3.30413132571427,-4.06386817714288,6298,9.33515319149594
20.76,324,18.2714285714286,-281.085714285714,-65.7571428571429,-7.72023456,-3.41442935999999,-4.08967128000003,6298,9.38007253139896
20.8,317,-200.728571428571,138.914285714286,29.2428571428571,-7.79900045142857,-3.35991939428571,-4.07819638285717,6298,9.42046453815466
20.84,313,-88.7285714285714,220.914285714286,-44.7571428571429,-7.83381754285714,-3.27323262857143,-4.09575908571431,6298,9.42645169847765
20.88,307,-107.728571428571,-351.085714285714,-29.7571428571429,-7.87609023428571,-3.41099866285714,-4.10743578857146,6298,9.51518460219567
20.92,306,72.2714285714286,72.9142857142857,56.2428571428571,-7.84773092571428,-3.38238709714285,-4.0853660914286,6298,9.47193957214283
20.96,300,-38.7285714285714,139.914285714286,41.2428571428571,-7.86292801714285,-3.32748473142856,-4.06918239428574,6298,9.45812016198913
21,1142,-5.72857142857143,120.914285714286,24.2428571428571,-7.86517590857142,-3.28003796571428,-4.05966949714288,6298,9.43930916727129
21.04,1145,-122.728571428571,-245.085714285714,-203.757142857143,-7.91333459999999,-3.37620959999999,-4.13962380000002,6298,9.54757251662514
21.08,1137,-98.7285714285714,198.914285714286,367.242857142857,-7.95207569142856,-3.29815563428571,-3.99551770285717,6298,9.49091671568267
21.12,1160,0.271428571428572,-203.085714285714,-152.757142857143,-7.95196918285713,-3.37784646857143,-4.05545960571432,6298,9.54412978033778
21.16,1148,5.27142857142857,158.914285714286,-13.7571428571429,-7.94990067428571,-3.31548850285714,-4.06085790857146,6298,9.5228121737853
21.2,1163,-55.7285714285714,-52.0857142857143,82.2428571428571,-7.97176856571428,-3.33592693714286,-4.0285858114286,6298,9.53451657061382
21.24,1160,104.271428571429,-189.085714285714,-321.757142857143,-7.93085245714285,-3.41012417142857,-4.15484331428574,6298,9.58071451029594
21.28,1159,46.2714285714286,34.9142857142857,99.2428571428571,-7.91269554857142,-3.39642380571428,-4.11590041714288,6298,9.54395524697395
21.32,1149,-33.7285714285714,-114.085714285714,-59.7571428571429,-7.92593063999999,-3.44119104,-4.13934912000003,6298,9.58104291928138
21.36,1151,52.2714285714286,26.9142857142857,165.242857142857,-7.90541933142856,-3.43062987428571,-4.07450782285717,6298,9.53239162742437
21.4,1140,8.27142857142857,-41.0857142857143,173.242857142857,-7.90217362285713,-3.44675190857143,-4.00652732571431,6298,9.50666649760658
21.44,1143,-58.7285714285714,-178.085714285714,-46.7571428571429,-7.92521871428571,-3.51663274285714,-4.02487482857146,6298,9.55904884928765
21.48,1130,-81.7285714285714,-358.085714285714,-53.7571428571429,-7.95728900571428,-3.65714557714286,-4.0459691314286,6298,9.64691807290546
21.52,1133,-40.7285714285714,-59.0857142857143,137.242857142857,-7.97327089714285,-3.68033081142857,-3.99211503428575,6298,9.64649501776401
21.56,1143,-127.728571428571,-3.08571428571429,-274.757142857143,-8.02339158857142,-3.68154164571428,-4.09992973714289,6298,9.73334399485582
21.6,1130,-52.7285714285714,-107.085714285714,182.242857142857,-8.04408227999999,-3.72356208,-4.02841764000002,6298,9.73654574134416
21.64,1139,-185.728571428571,47.9142857142857,46.2428571428571,-8.11696217142856,-3.70476051428572,-4.01027194285717,6298,9.78225978065806
21.68,1133,13.2714285714286,-121.085714285714,-57.7571428571429,-8.11175446285714,-3.75227454857143,-4.03293584571431,6298,9.80534019242509
21.72,1127,20.2714285714286,112.914285714286,-80.7571428571429,-8.10379995428571,-3.70796698285714,-4.06462494857145,6298,9.79498692278806
21.76,1115,90.2714285714286,143.914285714286,-128.757142857143,-8.06837744571428,-3.65149501714286,-4.1151492514286,6298,9.76558159191061
21.8,1119,-143.728571428571,-57.0857142857143,72.2428571428571,-8.12477653714285,-3.67389545142857,-4.08680115428574,6298,9.80874330590854
21.84,1102,-22.7285714285714,169.914285714286,-19.7571428571429,-8.13369522857142,-3.60722108571428,-4.09455385714289,6298,9.79461144311253
21.88,1109,-71.7285714285714,198.914285714286,26.2428571428571,-8.16184151999999,-3.52916712,-4.08425616000003,6298,9.78528619606923
21.92,905,-130.728571428571,137.914285714286,-18.7571428571429,-8.21313941142856,-3.47504955428571,-4.09161646285717,6298,9.81187819305898
21.96,1035,24.2714285714286,72.9142857142857,165.242857142857,-8.20361530285714,-3.44643798857143,-4.02677516571432,6298,9.76689086053252
22,933,-103.728571428571,-72.0857142857143,-125.757142857143,-8.24431839428571,-3.47472442285714,-4.07612226857146,6298,9.83144284169428
22.04,1030,-40.7285714285714,-88.0857142857143,10.2428571428571,-8.26030028571428,-3.50928925714285,-4.0721029714286,6298,9.85543984357813
22.08,1048,-121.728571428571,77.9142857142857,-25.7571428571429,-8.30806657714285,-3.47871569142857,-4.08221007428574,6298,9.88887618501867
22.12,1077,22.2714285714286,-5.08571428571429,-136.757142857143,-8.29932726857142,-3.48071132571428,-4.13587357714289,6298,9.90452596997542
22.16,1014,29.2714285714286,-79.0857142857143,-167.757142857143,-8.28784115999999,-3.51174456,-4.20170148000003,6298,9.93352687997138
22.2,1085,-128.728571428571,-267.085714285714,-16.7571428571429,-8.33835425142856,-3.61654899428571,-4.20827698285717,6298,10.0158461157723
22.24,1096,-176.728571428571,169.914285714286,-79.7571428571429,-8.40770254285713,-3.54987462857142,-4.23957368571432,6298,10.0630540575087
22.28,1124,50.2714285714286,-84.0857142857143,-83.7571428571429,-8.3879760342857,-3.58286986285714,-4.27243998857146,6298,10.0721815840396
22.32,1144,-45.7285714285714,-18.0857142857143,45.2428571428571,-8.40591992571427,-3.58996669714286,-4.2546866914286,6298,10.0821480611195
22.36,1128,-83.7285714285714,67.9142857142857,124.242857142857,-8.43877501714284,-3.56331713142857,-4.20593379428575,6298,10.0796841146437
22.4,1154,-166.728571428571,70.9142857142857,19.2428571428571,-8.50419930857141,-3.53549036571429,-4.19838289714289,6298,10.1216360810388
22.44,1147,-104.728571428571,-103.085714285714,-30.7571428571429,-8.54529479999999,-3.5759412,-4.21045200000003,6298,10.1753292196896
22.48,1157,17.2714285714286,-285.085714285714,-194.757142857143,-8.53851749142856,-3.68780883428571,-4.28687470285718,6298,10.2412650423502
22.52,1144,-109.728571428571,75.9142857142857,46.2428571428571,-8.58157498285713,-3.65802006857143,-4.26872900571432,6298,10.258975939766
22.56,1141,-11.7285714285714,24.9142857142857,-14.7571428571429,-8.5861772742857,-3.64824370285714,-4.27451970857146,6298,10.2617562356481
22.6,1132,-22.7285714285714,223.914285714286,89.2428571428571,-8.59509596571427,-3.56037973714285,-4.2395008114286,6298,10.2237637718503
22.64,1132,-9.72857142857143,-40.0857142857143,180.242857142857,-8.59891345714284,-3.57610937142857,-4.16877351428575,6298,10.2033594219385
22.68,1121,-62.7285714285714,53.9142857142857,-159.757142857143,-8.62352814857142,-3.55495340571428,-4.23146221714289,6298,10.2424705975224
22.72,1136,44.2714285714286,121.914285714286,-43.7571428571429,-8.60615603999999,-3.50711424,-4.24863252000003,6298,10.2184465730971
22.76,1140,-162.728571428571,-245.085714285714,-202.757142857143,-8.67001073142856,-3.60328587428572,-4.32819442285718,6298,10.3385696368968
22.8,1134,-70.7285714285714,79.9142857142857,-34.7571428571429,-8.69776462285713,-3.57192750857143,-4.34183312571432,6298,10.3567026824499
22.84,1146,-72.7285714285714,-106.085714285714,49.2428571428571,-8.72630331428571,-3.61355554285715,-4.32251022857146,6298,10.3870230514008
22.88,1145,-37.7285714285714,-6.08571428571429,-173.757142857143,-8.74110800571428,-3.61594357714286,-4.39069253142861,6298,10.428815753775
22.92,1155,-49.7285714285714,-26.0857142857143,37.2428571428571,-8.76062149714285,-3.62617961142857,-4.37607843428575,6298,10.4425921137217
22.96,1145,22.2714285714286,-246.085714285714,-182.757142857143,-8.75188218857142,-3.72274364571429,-4.44779233714289,6298,10.499386590115
23,1142,-3.72857142857143,124.914285714286,-71.7571428571429,-8.75334527999999,-3.67372728,-4.47594984000003,6298,10.4953062217789
23.04,1134,27.2714285714286,181.914285714286,56.2428571428571,-8.74264397142856,-3.60234411428572,-4.45388014285717,6298,10.4521650893881
23.08,1135,19.2714285714286,-132.085714285714,-110.757142857143,-8.73508186285713,-3.65417454857143,-4.49734124571432,6298,10.4824007299209
23.12,1140,-72.7285714285714,-16.0857142857143,198.242857142857,-8.76362055428571,-3.66048658285715,-4.41955074857145,6298,10.4753346515505
23.16,1155,1.27142857142857,-181.085714285714,-109.757142857143,-8.76312164571428,-3.73154461714286,-4.4626194514286,6298,10.5181604178479
23.2,1139,-94.7285714285714,-175.085714285714,-70.7571428571429,-8.80029313714285,-3.80024825142857,-4.49038455428574,6298,10.5853955768076
23.24,1140,36.2714285714286,-22.0857142857143,137.242857142857,-8.78606022857142,-3.80891468571429,-4.43653045714288,6298,10.5539323439319
23.28,1156,-74.7285714285714,-120.085714285714,137.242857142857,-8.81538372,-3.85603632,-4.38267636000002,6298,10.5729777408497
23.32,1154,48.2714285714286,-96.0857142857143,92.2428571428571,-8.79644201142857,-3.89374035428572,-4.34648026285716,6298,10.5560644504676
23.36,1167,-192.728571428571,-287.085714285714,-87.7571428571429,-8.87206870285714,-4.00639278857143,-4.38091616571431,6298,10.6750743648722
23.4,629,-7.72857142857143,-199.085714285714,-89.7571428571429,-8.87510139428571,-4.08451402285714,-4.41613686857145,6298,10.7216110917961
23.44,613,-139.728571428571,-35.0857142857143,77.2428571428571,-8.92993088571428,-4.09828165714286,-4.38582677142859,6298,10.7598817202554
23.48,601,14.2714285714286,-202.085714285714,-105.757142857143,-8.92433077714285,-4.17758009142857,-4.42732587428573,6298,10.8026417897327
23.52,586,-41.7285714285714,-321.085714285714,-22.7571428571429,-8.94070506857143,-4.30357412571428,-4.43625577714287,6298,10.8690994428669
23.56,572,-16.7285714285714,-101.085714285714,24.2428571428571,-8.94726936,-4.34324015999999,-4.42674288000002,6298,10.8863867565626
23.6,560,-134.728571428571,198.914285714286,-146.757142857143,-9.00013685142857,-4.2651861942857,-4.48433038285716,6298,10.9226139544975
23.64,557,-148.728571428571,-266.085714285714,-170.757142857143,-9.05849794285714,-4.36959822857141,-4.55133548571431,0,11.0392222716731
23.68,553,-7.72857142857143,-113.085714285714,-114.757142857143,-9.06153063428571,-4.41397306285713,-4.59636618857145,0,11.0779545844515
23.72,554,-128.728571428571,134.914285714286,98.2428571428571,-9.11204372571428,-4.36103269714284,-4.55781569142859,0,11.0824920898646
23.76,552,127.271428571429,156.914285714286,20.2428571428571,-9.06210241714285,-4.29945953142855,-4.54987239428573,0,11.0140088653252
23.8,549,-65.7285714285714,116.914285714286,-236.757142857143,-9.08789430857142,-4.25358236571427,-4.64277589714287,0,11.0561364832735
23.84,550,-39.7285714285714,3.91428571428571,-43.7571428571429,-9.10348379999999,-4.25204639999998,-4.65994620000002,0,11.0755773877261
23.88,548,-60.7285714285714,322.914285714286,-30.7571428571429,-9.12731369142857,-4.1253348342857,-4.67201530285716,0,11.0523287006333
23.92,547,-83.7285714285714,138.914285714286,121.242857142857,-9.16016878285714,-4.07082486857141,-4.6244396057143,0,11.0392820829938
